date,call_vol,put_vol,vol_pcr,call_oi,put_oi,oi_pcr
2023-01-03,222216,206711,0.9302,252922,241915,0.9565
2023-01-04,179156,148445,0.8286,269494,256357,0.9513
2023-01-05,364645,273248,0.7494,231865,264957,1.1427
2023-01-06,392752,290769,0.7403,223383,288031,1.2894
2023-01-09,337622,289047,0.8561,218881,293874,1.3426
2023-01-10,280927,251762,0.8962,219079,333803,1.5237
2023-01-11,266535,246961,0.9266,236639,328939,1.39
2023-01-12,269083,220174,0.8181999999999999,240214,342953,1.4277000000000002
2023-01-13,287355,299590,1.0426,229677,340296,1.4816
2023-01-16,577898,445143,0.7703,216742,331554,1.5297
2023-01-17,323829,234664,0.7247,226868,333223,1.4688
2023-01-18,261382,213851,0.8181999999999999,247596,324830,1.3119
2023-01-19,324215,243915,0.7523000000000001,218452,292877,1.3407
2023-01-20,348216,269322,0.7734000000000001,239901,294390,1.2271
2023-01-30,436991,298016,0.682,209884,201144,0.9584
2023-01-31,226963,198600,0.875,232783,219896,0.9446
2023-02-01,285368,214589,0.752,256437,242754,0.9466
2023-02-02,310834,221540,0.7127,268155,264575,0.9866
2023-02-03,299821,327031,1.0908,287696,264275,0.9186
2023-02-06,266302,265035,0.9952,318965,258469,0.8103
2023-02-07,218893,196268,0.8966,316485,262320,0.8289
2023-02-08,236554,213883,0.9042,324921,267468,0.8231999999999999
2023-02-09,308906,271414,0.8786,316650,282037,0.8906999999999999
2023-02-10,260872,224763,0.8615999999999999,327661,277629,0.8473
2023-02-13,331247,278460,0.8406,321134,291382,0.9074
2023-02-14,203319,187652,0.9229,319791,287472,0.8989
2023-02-15,230171,205586,0.8931999999999999,329555,288249,0.8747
2023-02-16,371060,377740,1.018,336315,271661,0.8078
2023-02-17,442169,509743,1.1528,376673,270533,0.7182
2023-02-20,479742,434971,0.9067,361058,272985,0.7561
2023-02-21,328152,333560,1.0165,386186,284275,0.7361
2023-02-22,259033,292424,1.1289,263425,237337,0.901
2023-02-23,278564,261691,0.9394,307503,259155,0.8428
2023-02-24,261718,239461,0.915,354602,272806,0.7693000000000001
2023-02-27,271939,284367,1.0457,395370,287319,0.7267
2023-02-28,313603,252653,0.8056,417947,300876,0.7199
2023-03-01,379769,269147,0.7087,429562,312917,0.7284999999999999
2023-03-02,261639,220543,0.8429000000000001,475038,326698,0.6877
2023-03-03,273757,233487,0.8529000000000001,484281,336927,0.6957
2023-03-06,379419,280159,0.7384000000000001,512075,352418,0.6881999999999999
2023-03-07,461537,344683,0.7468,553676,361342,0.6526000000000001
2023-03-08,390986,316630,0.8098000000000001,590138,366391,0.6209
2023-03-09,387720,262775,0.6777,627624,380458,0.6062
2023-03-10,526216,380209,0.7225,648103,382338,0.5899
2023-03-13,487615,361587,0.7415,703786,401321,0.5702
2023-03-14,660530,506308,0.7665000000000001,740943,398729,0.5381
2023-03-15,573290,362564,0.6324000000000001,744659,395507,0.5311
2023-03-16,600689,454009,0.7558,798129,385733,0.4833
2023-03-17,712488,505068,0.7089,805455,393946,0.4891
2023-03-20,635697,500837,0.7879,811598,374298,0.4612
2023-03-21,637186,470828,0.7389,735971,384216,0.5221
2023-03-22,445156,400843,0.9005,445315,328276,0.7372
2023-03-23,318441,294267,0.9241,460124,342510,0.7444
2023-03-24,389395,307609,0.79,501953,357246,0.7117
2023-03-27,433156,396550,0.9155,484460,370767,0.7653
2023-03-28,276318,256234,0.9273,507053,374893,0.7394
2023-03-29,218879,180503,0.8247,514064,383467,0.746
2023-03-30,301937,230291,0.7626999999999999,517235,388992,0.7521
2023-03-31,286206,251572,0.879,507698,384549,0.7574
2023-04-03,493787,412458,0.8353,458129,412879,0.9012
2023-04-04,392128,343676,0.8764,503589,412953,0.82
2023-04-06,243957,237047,0.9717,512904,424165,0.8270000000000001
2023-04-07,369376,294774,0.7979999999999999,473310,421165,0.8898
2023-04-10,420047,371026,0.8833,452884,413966,0.9141
2023-04-11,347686,329629,0.9481,453623,413785,0.9122
2023-04-12,332354,301836,0.9082,462673,403129,0.8713
2023-04-13,354330,329853,0.9309,487107,408501,0.8386
2023-04-14,346571,325181,0.9383,466939,419921,0.8993000000000001
2023-04-17,329720,305995,0.928,490048,424105,0.8654000000000001
2023-04-18,378406,336551,0.8894,503093,423927,0.8426
2023-04-19,299723,263330,0.8786,514896,412283,0.8007
2023-04-20,432987,384630,0.8883,555281,391281,0.7047
2023-04-21,676227,599583,0.8867,579323,372430,0.6429
2023-04-24,600319,648922,1.081,626124,344527,0.5503
2023-04-25,826952,883401,1.0683,759310,398361,0.5246
2023-04-26,724163,655351,0.905,475364,337989,0.711
2023-04-27,418578,392167,0.9369,497386,363067,0.73
2023-04-28,323486,285976,0.884,503152,376516,0.7483
2023-05-04,307026,272976,0.8891,555749,392595,0.7064
2023-05-05,431892,354732,0.8212999999999999,608392,410786,0.6751999999999999
2023-05-08,429228,358102,0.8343,668093,439700,0.6581
2023-05-09,449833,369746,0.8220000000000001,731287,453145,0.6197
2023-05-10,693774,520436,0.7502,802012,488787,0.6093999999999999
2023-05-11,501218,372163,0.7425,757895,475233,0.627
2023-05-12,528701,388013,0.7339,778217,475288,0.6107
2023-05-15,571573,446091,0.7805,718219,479145,0.6670999999999999
2023-05-16,403529,289966,0.7186,732275,480903,0.6567000000000001
2023-05-17,391732,289324,0.7386,770589,489854,0.6357
2023-05-18,589541,445789,0.7562000000000001,771057,476579,0.6181
2023-05-19,432825,367139,0.8482,769998,473493,0.6149
2023-05-22,517034,412695,0.7981999999999999,735891,438625,0.596
2023-05-23,482077,402004,0.8339,748229,423263,0.5657
2023-05-24,476271,480746,1.0094,455805,324829,0.7126
2023-05-25,490698,472566,0.963,543440,358255,0.6592
2023-05-26,381428,416167,1.0911,598830,400588,0.669
2023-05-29,370238,376240,1.0162,649700,419773,0.6461
2023-05-30,482361,447520,0.9278,669974,412716,0.616
2023-05-31,383132,371057,0.9685,733858,422258,0.5754
2023-06-01,420059,361359,0.8603000000000001,737499,434166,0.5887
2023-06-02,380353,313242,0.8236,704567,426800,0.6058
2023-06-05,325662,276148,0.848,767617,433187,0.5643
2023-06-06,491664,404124,0.8220000000000001,805696,432592,0.5368999999999999
2023-06-07,555384,511222,0.9205,867698,435608,0.502
2023-06-08,441725,418222,0.9468,902897,444219,0.492
2023-06-09,435785,373554,0.8572,917248,464442,0.5063
2023-06-12,426226,337992,0.7929999999999999,903049,469495,0.5199
2023-06-13,331095,220020,0.6645,859618,475639,0.5533
2023-06-14,323973,247126,0.7628,834830,473950,0.5677
2023-06-15,891878,673224,0.7548,683844,518321,0.758
2023-06-16,760487,572123,0.7523000000000001,647333,533787,0.8245999999999999
2023-06-19,401348,338536,0.8434999999999999,655445,541681,0.8264
2023-06-20,409569,390117,0.9525,636349,540511,0.8493999999999999
2023-06-21,587893,623964,1.0614,663083,456653,0.6887000000000001
2023-06-26,658652,694762,1.0548,669066,416843,0.623
2023-06-27,503930,439813,0.8728,699539,427843,0.6115999999999999
2023-06-28,443377,466639,1.0525,392860,302361,0.7696
2023-06-29,319641,278794,0.8722,435494,336998,0.7737999999999999
2023-06-30,503464,438118,0.8702,449238,383288,0.8532
2023-07-03,410301,296341,0.7223,486274,399655,0.8219
2023-07-04,243503,205925,0.8456999999999999,495605,405292,0.8178
2023-07-05,266643,232186,0.8708,508000,402102,0.7915000000000001
2023-07-06,318287,290739,0.9134,539302,402535,0.7464
2023-07-07,316413,318153,1.0055,580707,401035,0.6906
2023-07-10,431932,376830,0.8724,560426,412542,0.7361
2023-07-11,309313,282898,0.9146,558478,431513,0.7726999999999999
2023-07-12,363023,291535,0.8031,573565,424174,0.7395
2023-07-13,518798,382843,0.7379000000000001,552986,452200,0.8177
2023-07-14,324103,269547,0.8317,591725,457666,0.7734000000000001
2023-07-17,321845,269196,0.8364,605777,436361,0.7203
2023-07-18,278787,233968,0.8392000000000001,630574,443125,0.7027
2023-07-19,436618,349283,0.8,681088,436629,0.6411
2023-07-20,626227,457590,0.7306999999999999,734651,450594,0.6133
2023-07-21,496641,441537,0.889,711360,443013,0.6228
2023-07-24,509820,402641,0.7898000000000001,717681,431068,0.6006
2023-07-25,611944,433205,0.7079000000000001,662608,436145,0.6581999999999999
2023-07-26,354810,267831,0.7548999999999999,434723,315470,0.7256999999999999
2023-07-27,388807,272124,0.6999,482597,328745,0.6812
2023-07-28,576387,429855,0.7458,484508,362154,0.7475
2023-07-31,565131,368809,0.6526000000000001,494666,381734,0.7717
2023-08-01,395940,299920,0.7575,519233,377285,0.7265999999999999
2023-08-02,348082,270918,0.7783,548707,393823,0.7177
2023-08-03,376790,272197,0.7223999999999999,545321,405722,0.7440000000000001
2023-08-04,753111,449672,0.5971,532435,431655,0.8107
2023-08-07,382202,263769,0.6901,582620,430365,0.7387
2023-08-08,353802,280630,0.7931999999999999,616227,429379,0.6968000000000001
2023-08-09,252839,181306,0.7171,643308,439594,0.6833
2023-08-10,345793,259193,0.7495999999999999,662307,451110,0.6811
2023-08-11,544452,440108,0.8084,679054,412927,0.6081
2023-08-14,538299,541993,1.0069,722012,396586,0.5493
2023-08-15,497048,426463,0.858,778714,406698,0.5223
2023-08-16,373544,305448,0.8177,793751,413648,0.5211
2023-08-17,556075,472843,0.8503000000000001,809544,425767,0.5259
2023-08-18,434872,318963,0.7334999999999999,805803,405213,0.5029
2023-08-21,493141,431032,0.8741,795286,358205,0.4503999999999999
2023-08-22,773796,652757,0.8436,826730,354586,0.4289
2023-08-23,465266,464281,0.9979,549370,322428,0.5869
2023-08-24,453305,354072,0.7811,578094,340002,0.5881000000000001
2023-08-25,414151,366513,0.885,623347,352804,0.5660000000000001
2023-08-28,782840,420815,0.5375,613832,369834,0.6025
2023-08-29,607994,445182,0.7322,604598,401403,0.6639
2023-08-30,435909,342099,0.7848,609380,404884,0.6644
2023-08-31,262215,210647,0.8033,621068,401960,0.6472
2023-09-01,223813,174769,0.7809,633667,400071,0.6314
2023-09-04,329608,245303,0.7442,654594,424210,0.648
2023-09-05,224917,159895,0.7109000000000001,670858,426152,0.6352
2023-09-06,284405,177833,0.6253,674772,423339,0.6274000000000001
2023-09-07,438295,376004,0.8579000000000001,696226,407242,0.5849
2023-09-08,290738,294139,1.0117,714855,398923,0.5579999999999999
2023-09-11,356991,295362,0.8273999999999999,714263,402490,0.5635
2023-09-12,239255,187808,0.785,725263,399990,0.5515
2023-09-13,413083,367810,0.8904000000000001,759785,386839,0.5091
2023-09-14,345291,325034,0.9413,789988,389078,0.4925
2023-09-15,426833,376487,0.882,822021,404313,0.4919
2023-09-18,447757,387135,0.8645999999999999,802947,422979,0.5268
2023-09-19,342083,308603,0.9021,816593,420345,0.5147999999999999
2023-09-20,313573,218322,0.6962,833205,413383,0.4961
2023-09-21,411360,354471,0.8617,847593,404082,0.4767
2023-09-22,652618,486381,0.7453,784529,418069,0.5329
2023-09-25,374507,287802,0.7685,766938,385221,0.5023
2023-09-26,368771,316939,0.8593999999999999,801201,377352,0.471
2023-09-27,473449,336420,0.7106,425598,297501,0.6990000000000001
2023-09-28,274217,186107,0.6787000000000001,451906,305553,0.6761
2023-10-09,448212,360441,0.8042,503828,334669,0.6643000000000001
2023-10-10,285682,224680,0.7865000000000001,533701,342364,0.6415000000000001
2023-10-11,332511,258939,0.7787000000000001,522882,346173,0.662
2023-10-12,299177,234447,0.7836,520863,361059,0.6931999999999999
2023-10-13,313182,270996,0.8653,561345,350404,0.6242
2023-10-16,402489,374062,0.9294,614878,346456,0.5635
2023-10-17,353318,305505,0.8647,625960,351394,0.5614
2023-10-18,443446,374544,0.8445999999999999,694759,344174,0.4954
2023-10-19,472262,393763,0.8338,736822,348309,0.4727
2023-10-20,554508,453397,0.8177,760766,357961,0.4705
2023-10-23,618795,504873,0.8159000000000001,787604,337730,0.4288
2023-10-24,609902,543010,0.8903,790365,357128,0.4518999999999999
2023-10-25,509817,426279,0.8361,519660,307439,0.5916
2023-10-26,545072,444028,0.8146,574241,324946,0.5659000000000001
2023-10-27,714101,522061,0.7311,527240,361302,0.6853
2023-10-30,655510,527074,0.8040999999999999,479246,411111,0.8578
2023-10-31,303942,261804,0.8614,500303,414775,0.8290000000000001
2023-11-01,284292,286520,1.0078,513577,421201,0.8201
2023-11-02,256191,252954,0.9874,533180,416518,0.7812
2023-11-03,394174,347472,0.8815000000000001,528272,432441,0.8186
2023-11-06,768516,547266,0.7121,521855,513520,0.984
2023-11-07,429667,375753,0.8745,540530,516245,0.9551
2023-11-08,440244,383355,0.8708,556785,525742,0.9442
2023-11-09,339005,314184,0.9268,572591,529853,0.9254
2023-11-10,297920,313698,1.053,591439,513049,0.8675
2023-11-13,330615,302246,0.9142,620845,505745,0.8146
2023-11-14,408928,343389,0.8397,645725,507505,0.7859
2023-11-15,426044,354966,0.8331999999999999,643117,514493,0.8
2023-11-16,457506,425387,0.9298,648032,475741,0.7341
2023-11-17,340071,343222,1.0093,651249,470984,0.7232
2023-11-20,480427,404200,0.8412999999999999,623094,441296,0.7081999999999999
2023-11-21,516556,416909,0.8070999999999999,619923,447526,0.7219
2023-11-22,373448,382641,1.0246,446390,286575,0.642
2023-11-23,357781,310812,0.8687,500303,315459,0.6305
2023-11-24,320522,292739,0.9133,529941,315002,0.5943999999999999
2023-11-27,284932,261361,0.9173,566284,319212,0.5637
2023-11-28,258020,211985,0.8216,580422,332932,0.5736
2023-11-29,252945,217657,0.8604999999999999,609988,335734,0.5504
2023-11-30,288013,253895,0.8815000000000001,625109,339600,0.5433
2023-12-01,365840,339163,0.9271,643862,342903,0.5326
2023-12-04,285814,218647,0.765,682755,352196,0.5158
2023-12-05,422743,380600,0.9003,714259,343423,0.4808
2023-12-06,398451,355351,0.8918,714608,359963,0.5036999999999999
2023-12-07,389796,343651,0.8815999999999999,749190,364881,0.487
2023-12-08,341847,271882,0.7953,747674,372818,0.4986
2023-12-11,499170,389659,0.7806000000000001,753702,387379,0.514
2023-12-12,302659,204535,0.6758,796940,395433,0.4962
2023-12-13,341218,250875,0.7352,825998,382995,0.4637
2023-12-14,372979,295148,0.7913,848244,387224,0.4564999999999999
2023-12-15,458475,410072,0.8944,881068,384615,0.4365
2023-12-18,488325,417831,0.8556,924307,384888,0.4164
2023-12-19,416871,354129,0.8495,947412,391784,0.4135
2023-12-20,455932,356046,0.7809,961986,389389,0.4048
2023-12-21,711577,589711,0.8287,943989,423649,0.4488
2023-12-22,663572,546093,0.823,927064,428766,0.4625
2023-12-25,375162,291125,0.7759999999999999,915432,413458,0.4517
2023-12-26,439170,349419,0.7956,940432,396379,0.4215
2023-12-27,367107,360467,0.9819,476955,326467,0.6845
2023-12-28,739400,576158,0.7792,473685,380391,0.8029999999999999
2023-12-29,457697,305719,0.6679999999999999,504056,407505,0.8085
2024-01-02,358080,260715,0.7281,572935,398499,0.6955
2024-01-03,414307,351327,0.848,643024,396155,0.6161
2024-01-04,506079,427592,0.8449,737527,395533,0.5363
2024-01-05,607725,469074,0.7719,825111,408330,0.4949
2024-01-08,741052,642622,0.8672,951994,427688,0.4493
2024-01-09,716917,602540,0.8405,983823,483916,0.4919
2024-01-10,583755,517440,0.8864,1019329,502140,0.4926
2024-01-11,764541,565085,0.7391,997804,530737,0.5318999999999999
2024-01-12,496736,390974,0.7870999999999999,995075,517367,0.5199
2024-01-15,606292,528236,0.8713,986723,510189,0.5171
2024-01-16,628821,555433,0.8833,996668,499313,0.501
2024-01-17,600534,499034,0.831,1049721,489840,0.4665999999999999
2024-01-18,967506,904883,0.9353,1055057,507784,0.4813
2024-01-19,654840,536617,0.8195,1015976,493801,0.486
2024-01-22,696412,721153,1.0355,1036866,450564,0.4345
2024-01-23,666063,701627,1.0534,1043259,465024,0.4457
2024-01-24,758156,758876,1.0009,614205,384344,0.6258
2024-01-25,670323,590662,0.8812000000000001,650404,415428,0.6386999999999999
2024-01-26,483871,430296,0.8893000000000001,712307,423615,0.5947
2024-01-29,608400,618194,1.0161,812774,424200,0.5219
2024-01-30,625429,688075,1.1002,876800,428747,0.489
2024-01-31,596811,708340,1.1869,935508,441508,0.4719
2024-02-01,623577,554632,0.8894,957795,456211,0.4763
2024-02-02,769845,821473,1.0671,1007292,443480,0.4403
2024-02-05,869623,964212,1.1088,962927,461682,0.4795
2024-02-06,928207,761774,0.8207,828755,484059,0.5841
2024-02-07,786951,634728,0.8066,740805,513187,0.6927
2024-02-08,846610,556662,0.6575,675469,515418,0.7631
2024-02-19,542706,477226,0.8793000000000001,694395,557370,0.8027
2024-02-20,384702,431911,1.1227,693370,572351,0.8255
2024-02-21,755342,602261,0.7973,668338,566113,0.847
2024-02-22,434568,412271,0.9487,706230,602121,0.8526
2024-02-23,453351,378910,0.8358,723848,618780,0.8548
2024-02-26,500644,452436,0.9037,699273,589124,0.8425
2024-02-27,662766,501809,0.7570999999999999,653505,616467,0.9433
2024-02-28,1016969,763026,0.7503,541169,402132,0.7431
2024-02-29,611641,529712,0.8661,524842,441647,0.8415
2024-03-01,478270,342094,0.7153,533831,464983,0.871
2024-03-04,403786,299757,0.7424,548460,484965,0.8842
2024-03-05,349293,312274,0.894,555698,502718,0.9047
2024-03-06,389333,358567,0.921,571418,508620,0.8901
2024-03-07,411252,403363,0.9808,607703,494180,0.8131999999999999
2024-03-08,343714,361128,1.0507,619699,521776,0.8420000000000001
2024-03-11,736309,613909,0.8338,549874,599717,1.0906
2024-03-12,684738,497595,0.7267,560597,634313,1.1315
2024-03-13,389631,347247,0.8912,569781,630606,1.1068
2024-03-14,456823,423291,0.9266,575800,621969,1.0802
2024-03-15,529057,576561,1.0898,609309,594545,0.9758
2024-03-18,606414,509073,0.8395,582586,645041,1.1072
2024-03-19,398633,347128,0.8708,595575,644441,1.082
2024-03-20,393245,403506,1.0261,612300,640281,1.0457
2024-03-21,408785,364669,0.8920999999999999,623071,638783,1.0252
2024-03-22,581427,635542,1.0931,655789,599759,0.9146
2024-03-25,526360,533857,1.0142,662747,550390,0.8305
2024-03-26,557858,568236,1.0186,669195,559096,0.8355
2024-03-27,574036,688608,1.1996,469501,335924,0.7155
2024-03-28,484949,412738,0.8511,481606,346148,0.7187
2024-03-29,314938,290920,0.9237,493258,373666,0.7575
2024-04-01,474778,351971,0.7413,477120,417093,0.8742
2024-04-02,353897,319853,0.9038,511849,430020,0.8401000000000001
2024-04-03,307910,312572,1.0151,550235,433511,0.7879
2024-04-08,376826,380718,1.0103,593991,427812,0.7202
2024-04-09,399795,352260,0.8811,618354,455764,0.7371
2024-04-10,516027,560217,1.0856,677056,442680,0.6537999999999999
2024-04-11,471363,486949,1.0331,713110,461742,0.6475
2024-04-12,431113,446582,1.0359,725185,453759,0.6257
2024-04-15,626183,575892,0.9197,671369,492353,0.7334
2024-04-16,492804,617222,1.2525,706763,469873,0.6648000000000001
2024-04-17,506324,524348,1.0356,668963,489050,0.7311
2024-04-18,575278,600212,1.0433,647927,496530,0.7663
2024-04-19,619333,752864,1.2156,702566,465294,0.6623
2024-04-22,468505,541167,1.1551,687084,453547,0.6601
2024-04-23,428161,473970,1.107,700939,464922,0.6633
2024-04-24,468414,448999,0.9586,417580,359590,0.8611
2024-04-25,391614,385354,0.984,453829,388999,0.8571
2024-04-26,662191,535769,0.8090999999999999,428972,449497,1.0478
2024-04-29,881338,687899,0.7805,414918,511614,1.233
2024-04-30,428497,365141,0.8521,458716,501922,1.0942
2024-05-06,485087,378917,0.7811,474625,540509,1.1388
2024-05-07,278798,232526,0.8340000000000001,479407,555573,1.1589
2024-05-08,377431,343320,0.9096,518864,533032,1.0273
2024-05-09,541250,397254,0.7340000000000001,508590,567704,1.1162
2024-05-10,413525,391413,0.9465,531467,550958,1.0367
2024-05-13,402064,409293,1.018,551715,558418,1.0121
2024-05-14,325960,286005,0.8774,571365,562169,0.9839
2024-05-15,405381,349751,0.8628,588608,547902,0.9308
2024-05-16,483571,435582,0.9008,570569,559200,0.9801
2024-05-17,544415,533890,0.9807,561447,567988,1.0117
2024-05-20,547683,446176,0.8147,537927,562393,1.0455
2024-05-21,317881,305674,0.9616,550241,552561,1.0042
2024-05-22,522577,392768,0.7515999999999999,402226,376046,0.9349
2024-05-23,372068,346599,0.9315,452035,382983,0.8472
2024-05-24,393165,376971,0.9588,499000,384069,0.7696999999999999
2024-05-27,386620,408882,1.0576,514274,400422,0.7786
2024-05-28,319753,328848,1.0284,548955,411196,0.7491
2024-05-29,362558,328083,0.9049,551343,428000,0.7763
2024-05-30,334007,319039,0.9552,570866,441709,0.7737999999999999
2024-05-31,319934,269201,0.8414,589144,449034,0.7622
2024-06-03,376143,372065,0.9892,598688,453703,0.7578
2024-06-04,454231,418725,0.9218,565044,482092,0.8532
2024-06-05,402812,338390,0.8401000000000001,581527,500025,0.8598
2024-06-06,451206,448146,0.9932,622469,483125,0.7761
2024-06-07,725548,721143,0.9939,693870,463581,0.6681
2024-06-11,408486,421526,1.0319,710895,476775,0.6707
2024-06-12,278689,271291,0.9735,723731,480933,0.6645
2024-06-13,424702,406317,0.9567,714163,478478,0.67
2024-06-14,547709,495232,0.9042,690568,484191,0.7011
2024-06-17,401609,392094,0.9763,666209,503806,0.7562000000000001
2024-06-18,374823,382387,1.0202,656108,498059,0.7591
2024-06-19,433858,415670,0.9581,685434,476244,0.6948000000000001
2024-06-20,431744,448276,1.0383,721744,463535,0.6422
2024-06-21,545134,490921,0.9006000000000001,716739,451561,0.63
2024-06-24,514548,494246,0.9605,718333,415175,0.578
2024-06-25,631050,598161,0.9479,805632,405264,0.503
2024-06-26,578092,481468,0.8329000000000001,429029,343252,0.8001
2024-06-27,434127,419907,0.9672,507797,350553,0.6903
2024-06-28,509190,478194,0.9391,571865,363385,0.6354
2024-07-01,564610,558919,0.9899,634691,376743,0.5936
2024-07-02,327254,333437,1.0189,677830,391551,0.5777
2024-07-03,412077,399016,0.9683,706632,408866,0.5786
2024-07-04,391108,352779,0.902,726447,410844,0.5656
2024-07-05,478179,453438,0.9483,743201,420679,0.5660000000000001
2024-07-08,444034,371616,0.8369,783611,420970,0.5372
2024-07-09,622381,490416,0.7879999999999999,783578,446967,0.5704
2024-07-10,431616,369865,0.8569,786666,462583,0.588
2024-07-11,702953,522043,0.7426,733997,490683,0.6685
2024-07-12,385371,328814,0.8532,742889,491058,0.6609999999999999
2024-07-15,343521,320152,0.932,769240,482183,0.6268
2024-07-16,480035,432936,0.9019,734221,506434,0.6898000000000001
2024-07-17,446761,423010,0.9468,716970,502683,0.7011
2024-07-18,646151,588044,0.9101,678407,523559,0.7717
2024-07-19,612309,487742,0.7966,637737,522725,0.8197
2024-07-22,406390,396717,0.9762,626550,500626,0.799
2024-07-23,494816,468009,0.9458,687481,454992,0.6618
2024-07-24,520188,586697,1.1279,445413,328052,0.7365
2024-07-25,482178,452839,0.9392,483857,345905,0.7149
2024-07-26,404752,371479,0.9178,481360,362270,0.7526
2024-07-29,268019,267729,0.9989,519482,366455,0.7054
2024-07-30,313945,302352,0.9631,561928,380441,0.677
2024-07-31,666838,505481,0.758,530918,450106,0.8478
2024-08-01,467619,388360,0.8305,589659,456862,0.7748
2024-08-02,461125,434875,0.9431,641882,440236,0.6859000000000001
2024-08-05,652227,652699,1.0007,692059,435977,0.63
2024-08-06,443908,488010,1.0993000000000002,710484,444765,0.626
2024-08-07,311007,328292,1.0556,722550,463252,0.6411
2024-08-08,455083,453768,0.9971,759028,459987,0.606
2024-08-09,360837,327875,0.9087,776303,458440,0.5905
2024-08-12,331795,310447,0.9357,807444,469727,0.5817
2024-08-13,384732,310063,0.8059000000000001,826590,478052,0.5783
2024-08-14,342103,297101,0.8684999999999999,870217,471591,0.5418999999999999
2024-08-15,514790,391855,0.7612000000000001,883335,485113,0.5492
2024-08-16,294916,223555,0.758,895509,493767,0.5514
2024-08-19,373513,269865,0.7225,903794,495179,0.5478999999999999
2024-08-20,396084,315735,0.7970999999999999,946346,474495,0.5014
2024-08-21,359604,306716,0.8529000000000001,969998,474056,0.4886999999999999
2024-08-22,430842,346176,0.8035,992394,458402,0.4619
2024-08-23,431014,359166,0.8332999999999999,980577,465223,0.4744
2024-08-26,351919,262987,0.7473000000000001,966460,436977,0.4521
2024-08-27,398850,326130,0.8177,982395,408072,0.4154
2024-08-28,400974,342881,0.8551000000000001,564562,333333,0.5904
2024-08-29,559294,450374,0.8053,635246,394127,0.6204
2024-08-30,778672,545090,0.7,616229,427123,0.6931
2024-09-02,526244,445165,0.8459,707079,394317,0.5577000000000001
2024-09-03,452496,399278,0.8824,696482,424098,0.6089
2024-09-04,472221,398059,0.843,714266,449998,0.63
2024-09-05,377918,313965,0.8308,726526,479475,0.66
2024-09-06,411258,357980,0.8704999999999999,770260,451551,0.5861999999999999
2024-09-09,464616,407077,0.8762000000000001,805343,463054,0.575
2024-09-10,532735,483600,0.9078,837551,471719,0.5632
2024-09-11,515182,462921,0.8986,796927,533047,0.6689
2024-09-12,482900,469851,0.973,800185,545798,0.6820999999999999
2024-09-13,390469,329784,0.8445999999999999,826876,511973,0.6192
2024-09-18,459612,373285,0.8122,852161,487463,0.5720000000000001
2024-09-19,758899,548289,0.7225,850535,509378,0.5989
2024-09-20,546247,453328,0.8299,878610,498223,0.5671
2024-09-23,486090,390151,0.8026000000000001,853543,476954,0.5588000000000001
2024-09-24,1237442,865871,0.6997,684099,553031,0.8084
2024-09-25,1118078,669576,0.5989,446478,384535,0.8613
2024-09-26,993645,763196,0.7681,458376,463403,1.011
2024-09-27,1524310,1175529,0.7712,423960,602916,1.4221
2024-09-30,783320,922118,1.1772,377481,657343,1.7413999999999998
2024-10-08,357902,591926,1.6539,359528,674416,1.8758
2024-10-09,694215,660025,0.9508,429185,687206,1.6012
2024-10-10,846759,618407,0.7303000000000001,519094,675340,1.301
2024-10-11,972362,725172,0.7458,618704,642460,1.0384
2024-10-14,975282,649159,0.6656,640336,673803,1.0523
2024-10-15,842307,657794,0.7809,674708,686370,1.0173
2024-10-16,772465,747274,0.9674,725497,689306,0.9501
2024-10-17,796511,544885,0.6840999999999999,751478,694288,0.9239
2024-10-18,1885261,1145279,0.6075,691472,761232,1.1009
2024-10-21,1195454,644909,0.5395,629398,746024,1.1853
2024-10-22,756164,543582,0.7189,636596,756204,1.1879
2024-10-23,833666,496638,0.5957,457548,402418,0.8795000000000001
2024-10-24,610871,375029,0.6139,471550,420276,0.8913
2024-10-25,1201329,543787,0.4527,503779,468254,0.9295
2024-10-28,566695,285173,0.5032,532663,484328,0.9093
2024-10-29,580885,393397,0.6772,568424,495357,0.8715
2024-10-30,520058,419560,0.8068000000000001,609374,499631,0.8199
2024-10-31,990248,480133,0.4849,615343,513508,0.8345
2024-11-01,568668,472943,0.8317,633799,518508,0.8181
2024-11-04,470019,335793,0.7143999999999999,647858,550541,0.8498
2024-11-05,1135079,626312,0.5518,666554,568264,0.8525
2024-11-06,1018750,608101,0.5969,692382,590104,0.8523000000000001
2024-11-07,775944,558573,0.7199,728600,623067,0.8552
2024-11-08,813042,525564,0.6464,740724,636784,0.8597
2024-11-11,803939,655730,0.8156,728361,674528,0.9261
2024-11-12,908830,729729,0.8029000000000001,713150,678345,0.9512
2024-11-13,730595,600959,0.8226,729640,692408,0.949
2024-11-14,608681,521523,0.8568000000000001,752165,666466,0.8861
2024-11-15,770520,814093,1.0566,812121,629428,0.775
2024-11-18,857102,906393,1.0575,886555,612663,0.6911
2024-11-19,1049534,821808,0.7829999999999999,901562,652496,0.7237
2024-11-20,826925,607118,0.7342,885944,666301,0.7521
2024-11-21,631979,704188,1.1143,868508,682797,0.7862
2024-11-22,862774,1022006,1.1846,899286,645390,0.7177
2024-11-25,857179,974070,1.1364,915733,623066,0.6804000000000001
2024-11-26,694065,657462,0.9473,947544,640261,0.6757
2024-11-27,1037273,837456,0.8073999999999999,532858,433124,0.8128
2024-11-28,563618,468421,0.8311,592767,453967,0.7658
2024-11-29,1141325,700928,0.6141,635435,513326,0.8078
2024-12-02,801818,463658,0.5783,632248,541657,0.8567
2024-12-03,544491,429630,0.789,664334,549714,0.8275
2024-12-04,463164,451125,0.974,704148,550328,0.7816
2024-12-05,457012,403142,0.8820999999999999,726868,572148,0.7870999999999999
2024-12-06,881876,616705,0.6993,738861,601688,0.8143
2024-12-09,586623,420828,0.7173999999999999,774648,594443,0.7674
2024-12-10,1244300,672849,0.5407,804397,597993,0.7434000000000001
2024-12-11,475997,342877,0.7203,823593,599037,0.7273000000000001
2024-12-12,653379,424190,0.6492,819595,625526,0.7631999999999999
2024-12-13,773017,567716,0.7343999999999999,844911,596270,0.7056999999999999
2024-12-16,627619,501990,0.7998000000000001,880063,582194,0.6615000000000001
2024-12-17,669624,627268,0.9367,894078,596178,0.6668000000000001
2024-12-18,551236,436603,0.792,896211,587907,0.6559999999999999
2024-12-19,651273,566074,0.8692,877243,615752,0.7019
2024-12-20,642301,465176,0.7242000000000001,864783,597381,0.6908
2024-12-23,609078,505434,0.8298000000000001,853840,573580,0.6718000000000001
2024-12-24,573985,503371,0.877,847658,599136,0.7068000000000001
2024-12-25,526910,462210,0.8772,432475,353055,0.8164
2024-12-26,323077,285841,0.8847,457272,386632,0.8454999999999999
2024-12-27,491217,370779,0.7548,502666,413165,0.8219
2024-12-30,334624,267148,0.7984,549888,432839,0.7870999999999999
2024-12-31,511285,539213,1.0546,595907,434118,0.7284999999999999
2025-01-02,755219,823939,1.091,709147,435987,0.6148
2025-01-03,673485,707034,1.0498,767494,440711,0.5742
2025-01-06,545882,534490,0.9791,819500,452991,0.5528
2025-01-07,591979,489293,0.8265,849776,470379,0.5535
2025-01-08,892172,841027,0.9427,865256,471411,0.5448
2025-01-09,541035,413062,0.7635,858544,489343,0.57
2025-01-10,514376,486425,0.9457,874891,479659,0.5483
2025-01-13,571332,571204,0.9998,894976,503348,0.5624
2025-01-14,1383779,894117,0.6461,833966,546063,0.6548
2025-01-15,723087,510805,0.7064,879226,535127,0.6086
2025-01-16,1066477,675195,0.6331,858679,543391,0.6328
2025-01-17,908933,584507,0.6431,827748,544283,0.6575
2025-01-20,972979,642015,0.6598,771119,558288,0.7240000000000001
2025-01-21,724664,560128,0.7729,783909,566047,0.7221
2025-01-22,583041,490524,0.8412999999999999,451565,369899,0.8190999999999999
2025-01-23,762763,552511,0.7243999999999999,497900,394955,0.7931999999999999
2025-01-24,578079,506019,0.8753,503134,423689,0.8421
2025-01-27,536266,471369,0.879,547699,432488,0.7896
2025-02-05,512010,408946,0.7987000000000001,606915,449483,0.7406
2025-02-06,664408,498339,0.75,593106,498633,0.8406999999999999
2025-02-07,1203377,819112,0.6807,566869,544070,0.9598
2025-02-10,575344,421628,0.7328,592669,571339,0.964
2025-02-11,502829,436386,0.8679000000000001,644191,569244,0.8837
2025-02-12,626116,557841,0.8909999999999999,619355,614930,0.9929
2025-02-13,677211,629310,0.9293,637906,614217,0.9629
2025-02-14,846171,690119,0.8156,626289,668371,1.0672
2025-02-17,704916,570120,0.8088,646864,676339,1.0456
2025-02-18,733330,688588,0.939,691334,657770,0.9515
2025-02-19,731132,685768,0.938,676337,730682,1.0804
2025-02-20,671902,647037,0.963,693246,704737,1.0166
2025-02-21,1523834,1046409,0.6867,633846,725557,1.1447
2025-02-24,957889,699432,0.7302,672339,702253,1.0445
2025-02-25,880563,802972,0.9119,717049,709777,0.9899
2025-02-26,801904,556071,0.6934,547163,432801,0.7909999999999999
2025-02-27,736116,566234,0.7692,620039,469028,0.7564
2025-02-28,762222,761830,0.9995,721893,465017,0.6442
2025-03-03,860711,715962,0.8318000000000001,715827,491678,0.6869
2025-03-04,532015,483058,0.908,751183,496690,0.6612
2025-03-05,450898,405389,0.8991,780867,512912,0.6568
2025-03-06,1129033,666832,0.5906,763461,568953,0.7452
2025-03-07,684517,526341,0.7689,800843,553002,0.6905
2025-03-10,624566,501483,0.8029000000000001,840306,572296,0.6811
2025-03-11,499622,474728,0.9502,867366,585816,0.6754000000000001
2025-03-12,485973,378970,0.7798,885696,584877,0.6604000000000001
2025-03-13,633181,552626,0.8728,911441,575284,0.6312
2025-03-14,1112810,738621,0.6637000000000001,825317,638059,0.7731
2025-03-17,533573,410533,0.7694,882227,630228,0.7143999999999999
2025-03-18,632349,435115,0.6881,888573,643457,0.7241
2025-03-19,546912,418310,0.7648999999999999,892897,628356,0.7037
2025-03-20,486321,418233,0.86,923314,624841,0.6767
2025-03-21,855117,743930,0.87,969695,590378,0.6088
2025-03-24,731119,668826,0.9148,939265,558812,0.5949
2025-03-25,613164,588730,0.9602,948905,560507,0.5907
2025-03-26,478135,435330,0.9105,436328,365869,0.8384999999999999
2025-03-27,512203,463733,0.9054,479697,404425,0.8431000000000001
2025-03-28,369482,354975,0.9607,532055,403281,0.758
2025-03-31,564587,549610,0.9735,630437,421854,0.6690999999999999
2025-04-01,442243,385419,0.8715,643454,444040,0.6901
2025-04-02,347768,280785,0.8073999999999999,660637,457632,0.6927
2025-04-03,619038,637708,1.0302,773595,468129,0.6051
2025-04-07,1309730,961161,0.7339,819270,340670,0.4158
2025-04-08,816220,679875,0.833,858152,405259,0.4722
2025-04-09,791604,813169,1.0272,899331,459412,0.5108
2025-04-10,1035132,815043,0.7874,901790,475993,0.5278
2025-04-11,818236,729549,0.8916,887740,519134,0.5848
2025-04-14,560663,477640,0.8519,878133,533525,0.6076
2025-04-15,448994,444789,0.9906,879747,531131,0.6037
2025-04-16,666219,681437,1.0228,913179,537675,0.5888
2025-04-17,536695,555920,1.0358,908526,552699,0.6083
2025-04-18,532881,525466,0.9861,913086,543929,0.5957
2025-04-21,686507,654710,0.9537,877421,565355,0.6443000000000001
2025-04-22,515643,537617,1.0426,891069,576792,0.6473
2025-04-23,693605,529463,0.7633,477118,386901,0.8109000000000001
2025-04-24,394264,370619,0.94,519940,394097,0.758
2025-04-25,396796,340649,0.8584999999999999,541845,419705,0.7746
2025-04-28,284422,258856,0.9101,577546,422410,0.7314
2025-04-29,271953,233740,0.8595,588738,436760,0.7419
2025-04-30,415984,336385,0.8086,582433,452380,0.7767000000000001
2025-05-06,489310,506145,1.0344,613811,507205,0.8262999999999999
2025-05-07,812339,532066,0.655,657628,528730,0.804
2025-05-08,662266,534210,0.8066,654825,571854,0.8733
2025-05-09,388946,370130,0.9516,681979,549572,0.8058
2025-05-12,835408,563530,0.6746,630358,605735,0.9609
2025-05-13,648434,525115,0.8098000000000001,675669,634592,0.9392
2025-05-14,875254,618617,0.7068000000000001,657464,667884,1.0158
2025-05-15,553049,462239,0.8358,732816,634855,0.8663
2025-05-16,429349,348064,0.8107,749439,645039,0.8606999999999999
2025-05-19,470869,434288,0.9223,774656,643082,0.8301999999999999
2025-05-20,625343,493733,0.7895,759638,672940,0.8859
2025-05-21,654375,531776,0.8126000000000001,751121,718954,0.9572
2025-05-22,414574,399055,0.9626,771018,686596,0.8905
2025-05-23,658239,645038,0.9799,782230,659399,0.843
2025-05-26,542516,513007,0.9456,801617,626319,0.7813
2025-05-27,460402,480319,1.0433,809415,604612,0.747
2025-05-28,429881,384887,0.8953,536843,376168,0.7006999999999999
2025-05-29,499756,403465,0.8073,548120,425342,0.7759999999999999
2025-05-30,362953,384591,1.0596,605336,448030,0.7401000000000001
2025-06-03,339474,354791,1.0451,623278,490110,0.7863
2025-06-04,342507,351723,1.0269,628955,512094,0.8142
2025-06-05,401546,382792,0.9533,630332,544564,0.8639
2025-06-06,296387,285053,0.9618,638048,544527,0.8534
2025-06-09,533693,524849,0.9834,630875,587939,0.9319
2025-06-10,583583,610091,1.0454,671265,573859,0.8549
2025-06-11,662455,558356,0.8429000000000001,650431,612529,0.9417
2025-06-12,429645,408676,0.9512,663111,641668,0.9677
2025-06-13,513288,555169,1.0816,685539,613101,0.8943000000000001
2025-06-16,380258,394805,1.0383,680501,649968,0.9551
2025-06-17,375775,382164,1.017,718811,638588,0.8884000000000001
2025-06-18,407024,411761,1.0116,710638,644147,0.9064
2025-06-19,550382,586075,1.0649,755053,618961,0.8198000000000001
2025-06-20,503657,432817,0.8593000000000001,773888,595979,0.7701
2025-06-23,573764,532208,0.9276,722891,571636,0.7908
2025-06-24,941049,685839,0.7288,702003,626611,0.8926000000000001
2025-06-25,1337718,777344,0.5811,444553,402261,0.9049
2025-06-26,859711,520161,0.605,516441,443473,0.8587
2025-06-27,830110,445723,0.5368999999999999,545565,477981,0.8761
2025-06-30,584028,413415,0.7079000000000001,563102,516921,0.918
2025-07-01,406464,311611,0.7666,600214,524665,0.8741
2025-07-02,463176,344662,0.7441,639166,525862,0.8227
2025-07-03,721656,539522,0.7476,603105,586963,0.9732
2025-07-04,927143,599176,0.6463,617940,598888,0.9692
2025-07-07,481695,389135,0.8078,678518,573133,0.8447
2025-07-08,1026073,659945,0.6431999999999999,652515,656436,1.006
2025-07-09,921518,601265,0.6525,666206,693170,1.0405
2025-07-10,740681,558429,0.7539,694071,708589,1.0209
2025-07-11,1164195,746688,0.6414,664335,735284,1.1068
2025-07-14,488276,352509,0.7219,716938,733217,1.0227
2025-07-15,1038036,832841,0.8023,682676,781698,1.145
2025-07-16,863363,683908,0.7920999999999999,704819,788620,1.1189
2025-07-17,844718,692232,0.8195,671559,816270,1.2155
2025-07-18,995990,745977,0.7490000000000001,652690,805018,1.2334
2025-07-21,863940,674027,0.7802,619410,821603,1.3263999999999998
2025-07-22,1078391,775643,0.7193,615808,847520,1.3763
2025-07-23,1091972,710567,0.6507,481260,441721,0.9178
2025-07-24,618615,502789,0.8128,490892,495112,1.0086
2025-07-25,506214,359091,0.7094,538481,518343,0.9626
2025-07-28,573567,415825,0.725,545116,555403,1.0189
2025-07-29,715120,573548,0.802,537961,587461,1.092
2025-07-30,841585,686315,0.8155,627099,610910,0.9742
2025-07-31,960009,853693,0.8893000000000001,641074,598233,0.9332
2025-08-01,774398,710326,0.9173,660693,600662,0.9091
2025-08-04,545706,519114,0.9513,692392,634857,0.9169
2025-08-05,602852,486970,0.8078,705171,659443,0.9352
2025-08-06,522047,489872,0.9384,712362,698176,0.9801
2025-08-07,771201,653257,0.8471,747011,697949,0.9343
2025-08-08,532874,452903,0.8499,756122,712327,0.9421
2025-08-11,807075,712458,0.8828,748275,786703,1.0514
2025-08-12,814605,665384,0.8168000000000001,731062,820763,1.1227
2025-08-13,1847011,1248430,0.6759000000000001,604521,941663,1.5577
2025-08-14,1608563,1094079,0.6801999999999999,648971,949974,1.4638
2025-08-15,1679855,1111955,0.6618999999999999,627972,1002547,1.5965
2025-08-18,2028716,1244090,0.6132,634040,1084037,1.7097
2025-08-19,1606712,940293,0.5852,720937,1106608,1.535
2025-08-20,1511229,1137438,0.7526999999999999,791755,1099785,1.389
2025-08-21,1484148,1007944,0.6790999999999999,833653,1103542,1.3237
2025-08-22,1955013,1321726,0.6761,758023,1108540,1.4624
2025-08-25,2378903,1492224,0.6273,677274,1101359,1.6262
2025-08-26,1506947,944094,0.6265,761363,1132228,1.4871
2025-08-27,1834094,1314825,0.7169,558455,665295,1.1913
2025-08-28,1286940,1127328,0.8759999999999999,568321,735030,1.2933
2025-08-29,1681549,1065326,0.6335000000000001,563437,793599,1.4085
2025-09-01,1178253,839700,0.7127,598047,855096,1.4298
2025-09-02,1426495,1451446,1.0175,684295,852731,1.2461
2025-09-03,1439774,1177895,0.8181,712081,915153,1.2852
2025-09-04,1701214,1846903,1.0856,768893,829027,1.0781999999999998
2025-09-05,2020970,1381369,0.6835,718148,945502,1.3166
2025-09-08,1339668,1008141,0.7525,791472,955484,1.2072
2025-09-09,1107273,1102593,0.9958,838027,962546,1.1486
2025-09-10,1321145,966050,0.7312000000000001,846008,1013449,1.1979
2025-09-11,1923436,1359820,0.7070000000000001,751051,1105453,1.4719
2025-09-12,1294792,870135,0.672,803413,1103704,1.3738
2025-09-15,1162740,832019,0.7156,788339,1145529,1.4531
2025-09-16,1079278,966683,0.8956999999999999,825146,1160692,1.4066999999999998
2025-09-17,1485229,1117371,0.7523000000000001,824500,1219855,1.4794999999999998
2025-09-18,1706040,1470721,0.8621,868370,1167633,1.3446
2025-09-19,1133886,1012454,0.8929,868979,1171265,1.3479
2025-09-22,1007254,1004118,0.9969,817656,1133523,1.3863
2025-09-23,1574013,1605078,1.0197,788595,1152655,1.4616999999999998
2025-09-24,1395894,1057192,0.7574,528646,662659,1.2534999999999998
2025-09-25,1096879,861359,0.7853,548936,752335,1.3705
2025-09-26,874520,895308,1.0238,656792,768921,1.1707
2025-09-29,929917,857793,0.9224,629133,835970,1.3288
2025-09-30,667443,707493,1.06,652036,857069,1.3144999999999998
2025-10-09,988605,973280,0.9845,721255,913926,1.2671
2025-10-10,1183710,1253913,1.0593,866822,877052,1.0118
2025-10-13,1118012,1343064,1.2013,945730,883490,0.9342
2025-10-14,1548968,1653384,1.0674,1034042,846351,0.8184999999999999
2025-10-15,1247490,1237319,0.9918,990839,886847,0.895
2025-10-16,1047366,1141767,1.0901,947826,904201,0.954
2025-10-17,1200494,1371476,1.1424,981296,854014,0.8703
2025-10-20,1352530,1411691,1.0437,917459,852624,0.9293
2025-10-21,1601652,1580654,0.9869,886311,976204,1.1014
2025-10-22,905419,962109,1.0626,532963,645970,1.212
2025-10-23,687567,679399,0.9881,577960,671402,1.1617
2025-10-24,981384,804104,0.8194,572104,738107,1.2902
2025-10-27,1117260,834537,0.7469,584835,781149,1.3357
2025-10-28,971650,833324,0.8576,615796,827513,1.3438
2025-10-29,968802,758319,0.7827,597061,880165,1.4742
2025-10-30,1133980,992095,0.8748999999999999,666898,871504,1.3068
2025-10-31,990867,935533,0.9442,741764,838620,1.1306
2025-11-03,849074,856284,1.0085,782695,844544,1.079
2025-11-04,898037,894330,0.9959,817236,845391,1.0345
2025-11-05,1067171,981131,0.9194,826483,889632,1.0764
2025-11-06,981747,820420,0.8356999999999999,776813,933750,1.202
2025-11-07,739917,827218,1.118,797735,943859,1.1832
2025-11-10,882629,915616,1.0374,872392,955493,1.0953
2025-11-11,834862,866780,1.0382,909984,944351,1.0378
2025-11-12,899036,1120087,1.2459,937536,954901,1.0185
2025-11-13,1072756,1058017,0.9863,849939,1010321,1.1887
2025-11-14,772643,809906,1.0482,901238,970669,1.077
2025-11-17,758926,813740,1.0722,930333,973135,1.046
2025-11-18,842001,931381,1.1062,984575,962813,0.9779
2025-11-19,967307,922832,0.954,969865,973536,1.0038
2025-11-20,1105497,993268,0.8985,1000574,953770,0.9532
2025-11-21,1689385,1773563,1.0498,1065432,903518,0.848
2025-11-24,1441504,1281983,0.8893000000000001,1039567,861916,0.8291
2025-11-25,1581410,1365621,0.8634999999999999,968320,890469,0.9196
2025-11-26,1399718,1504420,1.0748,542524,736268,1.3571
2025-11-27,949237,1036616,1.0920999999999998,596326,797156,1.3368
2025-11-28,706111,814009,1.1528,605279,814543,1.3457
2025-12-01,591865,778650,1.3156,615103,856142,1.3919
2025-12-02,534116,612350,1.1465,645249,867358,1.3441999999999998
2025-12-03,808929,880091,1.088,682249,869111,1.2739
2025-12-04,752017,852244,1.1333,680903,897630,1.3183
2025-12-05,912020,949604,1.0412,657089,930425,1.416
2025-12-08,1334603,1133124,0.8490000000000001,632647,1010956,1.598
2025-12-09,1058067,1006964,0.9517,654450,1063954,1.6257
2025-12-10,1011870,1071061,1.0585,686048,1038465,1.5137
2025-12-11,1082835,1076904,0.9945,717028,1072080,1.4952
2025-12-12,1116717,1144825,1.0252,728144,1094118,1.5026
2025-12-15,840305,908112,1.0807,788900,1075637,1.3635
2025-12-16,1155098,1626131,1.4078,859892,1002241,1.1655
2025-12-17,1456865,1534500,1.0533,738132,1089452,1.476
2025-12-18,1019032,1070612,1.0506,814700,1056173,1.2963999999999998
2025-12-19,1140336,1046699,0.9179,833630,1073431,1.2877
2025-12-22,1174337,1062511,0.9048,733584,1010050,1.3769
2025-12-23,999188,1069720,1.0706,741510,1056648,1.425
2025-12-24,991506,772426,0.779,514754,532131,1.0338
2025-12-25,705571,655985,0.9297,541228,591275,1.0925
2025-12-26,799149,642749,0.8043,562083,636043,1.1316
2025-12-29,620321,530378,0.855,609416,648558,1.0642
2025-12-30,709241,603663,0.8511,616180,689776,1.1194
2025-12-31,647972,616718,0.9518,665425,681573,1.0243
2026-01-05,893289,801679,0.8974,632692,748792,1.1835
2026-01-06,1175356,889687,0.757,680909,781371,1.1475
2026-01-07,933722,739894,0.7924,708160,789476,1.1148
2026-01-08,767516,647702,0.8439,754229,814759,1.0803
2026-01-09,1062070,751385,0.7075,754249,839075,1.1125
2026-01-12,1534332,1026353,0.6689,763918,901239,1.1798
2026-01-13,1545714,926864,0.5996,842511,894411,1.0616
2026-01-14,1707050,1291187,0.7564,808630,902035,1.1155
2026-01-15,1109167,895181,0.8070999999999999,832730,906809,1.089
2026-01-16,1082681,824442,0.7615000000000001,849868,897244,1.0557
2026-01-19,867959,732783,0.8443,876598,908904,1.0369
2026-01-20,1036312,1028784,0.9927,927140,875370,0.9442
2026-01-21,886131,788833,0.8902,866051,886239,1.0233
2026-01-22,910654,870347,0.9557,863372,897191,1.0392
2026-01-23,893001,725097,0.812,825662,909056,1.101
2026-01-26,918848,897048,0.9763,805320,861084,1.0692
2026-01-27,1024751,986820,0.963,786816,871193,1.1072
2026-01-28,822810,764646,0.9293,576891,590145,1.023
2026-01-29,671756,619360,0.922,622962,627445,1.0072
2026-01-30,776361,746786,0.9619,617546,677223,1.0966
2026-02-02,771871,1100795,1.4261,682231,663055,0.9719
2026-02-03,760941,940632,1.2361,690347,670954,0.9719
2026-02-04,722313,1063067,1.4718,712490,693667,0.9736
2026-02-05,658801,909846,1.3811000000000002,758360,683266,0.901
2026-02-06,726248,868646,1.1961,751013,701419,0.934
2026-02-09,655941,765487,1.167,690605,717058,1.0383
2026-02-10,455774,513629,1.1269,695069,717770,1.0327
2026-02-11,466664,563478,1.2075,730809,715567,0.9791
2026-02-12,538972,736836,1.3671,667485,717127,1.0744
2026-02-13,607253,711412,1.1715,675571,686997,1.0169
2026-02-24,655724,835544,1.2742,658384,696791,1.0583
2026-02-25,617499,714388,1.1569,428786,545543,1.2723
2026-02-26,405732,611573,1.5073,475968,583156,1.2252
2026-02-27,435106,580502,1.3341999999999998,538671,621863,1.1544
2026-03-02,539416,761606,1.4119,556714,645531,1.1595
2026-03-03,839818,1153864,1.3739,614081,654724,1.0662
2026-03-04,709816,966971,1.3622999999999998,669816,660928,0.9867
2026-03-05,777472,885643,1.1391,622255,656673,1.0553
2026-03-06,471804,690627,1.4638,614864,675857,1.0992
2026-03-09,782893,1229445,1.5704,645124,700269,1.0855
2026-03-10,684412,832819,1.2168,592190,755426,1.2756
2026-03-11,955581,969968,1.0151,578837,812066,1.4028999999999998
2026-03-12,640809,1054361,1.6454,609899,767505,1.2584
2026-03-13,630035,827163,1.3129,616353,788293,1.279
2026-03-16,779179,1096608,1.4074,618786,813589,1.3148
2026-03-17,856922,1078801,1.2589,668820,789940,1.1811
2026-03-18,859782,1012455,1.1776,639305,829133,1.2969
2026-03-19,858584,1088649,1.268,677495,820064,1.2104
2026-03-20,1304022,1585560,1.2159,605079,844909,1.3964
2026-03-23,1108704,1639076,1.4784,699398,718726,1.0276
2026-03-24,1223217,1469471,1.2013,704559,731354,1.038
2026-03-25,898702,935132,1.0405,415139,442084,1.0649
2026-03-26,610693,729439,1.1944,465720,479635,1.0299
2026-03-27,553914,646887,1.1678,472677,507035,1.0727
2026-03-30,558751,670754,1.2005,529141,516889,0.9768
2026-03-31,730823,779378,1.0664,581027,548483,0.944
2026-04-01,551404,548198,0.9942,583498,558968,0.958
2026-04-02,626561,729090,1.1636,616801,573552,0.9299
2026-04-03,580437,651548,1.1225,629668,575739,0.9144
2026-04-07,618246,628506,1.0166,634094,600889,0.9476
2026-04-08,1048976,932432,0.8889,565628,662564,1.1714
2026-04-09,570555,541827,0.9496,579088,661125,1.1417
2026-04-10,1572649,1156718,0.7354999999999999,568515,792135,1.3933000000000002
2026-04-13,908371,745976,0.8212,623335,859752,1.3793
2026-04-14,1268033,1101078,0.8683,659036,913761,1.3865
2026-04-15,1376071,1091374,0.7931,711836,893542,1.2553
2026-04-16,1497616,1166873,0.7792,702613,973167,1.3851
2026-04-17,1333166,1289293,0.9671,692472,1014357,1.4648
2026-04-20,978883,1103129,1.1269,684714,1003428,1.4655
2026-04-21,951260,1016641,1.0687,671904,984996,1.466
2026-04-22,1157537,890171,0.769,527905,604030,1.1442
2026-04-23,962118,776520,0.8070999999999999,567848,649541,1.1439
2026-04-24,953951,882298,0.9249,617571,678547,1.0987
2026-04-27,572924,453454,0.7915000000000001,647041,692700,1.0706
2026-04-28,646238,613875,0.9499,670279,699229,1.0432
2026-04-29,868007,685845,0.7901,661209,754983,1.1418
2026-04-30,704810,600064,0.8514,697886,771384,1.1053
2026-05-06,1267187,959714,0.7574,701517,815979,1.1632
2026-05-07,846363,595103,0.7031000000000001,710057,862349,1.2145
2026-05-08,670882,551319,0.8218000000000001,747408,882468,1.1807
2026-05-11,1373107,988305,0.7198,671145,901223,1.3428
2026-05-12,1001442,719496,0.7184999999999999,709295,923525,1.3019999999999998
2026-05-13,1252471,936871,0.748,695907,972927,1.3981
2026-05-14,1477996,1055242,0.7140000000000001,753393,985111,1.3076
2026-05-15,1543488,1345064,0.8714,783164,949211,1.212
2026-05-18,1101249,932070,0.8464,795364,938466,1.1799
2026-05-19,1256046,1152536,0.9176,802137,936719,1.1678
2026-05-20,1058841,804018,0.7593000000000001,820371,958148,1.1679000000000002
2026-05-21,1734615,1407265,0.8112999999999999,831188,910271,1.0951
2026-05-22,1372741,1143158,0.8328,808123,949554,1.175
2026-05-25,1328792,1061610,0.7989,696977,943509,1.3537
2026-05-26,1321695,1135118,0.8588,690031,967166,1.4016
2026-05-27,1629499,1266731,0.7774,509622,635073,1.2462
2026-05-28,1080216,865318,0.8011,522742,686919,1.3141
